{
  "layers": [
    {
      "type": "text",
      "value": "Welcome to GLSP!",
      "fontSize": 24,
      "color": "#000000",
      "position": {
        "x": 10,
        "y": 20
      }
    },
    {
      "type": "image",
      "url": "https://upload.wikimedia.org/wikipedia/commons/thumb/4/47/React.svg/1200px-React.svg.png",
      "width": 100,
      "height": 100,
      "position": {
        "x": 150,
        "y": 20
      }
    },
    {
      "type": "rectangle",
      "width": 200,
      "height": 100,
      "color": "#FF0000",
      "position": {
        "x": 20,
        "y": 150
      }
    },
    {
      "type": "circle",
      "radius": 50,
      "color": "#00FF00",
      "position": {
        "x": 300,
        "y": 150
      }
    },
    {
      "type": "text",
      "value": "Another text element",
      "fontSize": 18,
      "color": "#0000FF",
      "position": {
        "x": 10,
        "y": 300
      }
    },
    {
      "type": "line",
      "start": {
        "x": 10,
        "y": 350
      },
      "end": {
        "x": 200,
        "y": 350
      },
      "color": "#000000",
      "width": 2
    },
    {
      "type": "ellipse",
      "width": 150,
      "height": 75,
      "color": "#FF00FF",
      "position": {
        "x": 10,
        "y": 400
      }
    },
    {
      "type": "polygon",
      "points": [
        { "x": 200, "y": 400 },
        { "x": 250, "y": 450 },
        { "x": 300, "y": 400 },
        { "x": 275, "y": 350 },
        { "x": 225, "y": 350 }
      ],
      "color": "#FFFF00"
    }
  ]
}